"14645610","Good morning everyone, here's a recap of yesterday's #RSGB headlines, brought to you from https://t.co/f8rkB9pJAP:",0,FALSE,FALSE,"806784395528912896",NA,"<a href=""http://twitter.com"" rel=""nofollow"">Twitter Web Client</a>",FALSE,"Thu Dec 08 08:56:03 +0000 2016",NA,NA,"en",229,FALSE,"United Kingdom","112995817","Road Safety GB represents road safety professionals across the UK. Follow us for announcements, news, events & more. Supported by Jenoptik Traffic Solutions UK.",TRUE,"Wed Feb 10 10:42:52 +0000 2010",8636,14583,138,FALSE,"http://www.roadsafetygb.org.uk/","Road Safety GB","London","en",0,393,"Road_Safety_GB","GB","United Kingdom","city","Norwich, England",NA,NA,52.641483,1.2730815,NA,NA,"https://s.m-w.com/2f9Ewxv","https://t.co/f8rkB9pJAP"
"146463","@RiotSunset Good morning and good night ~ Have a great time! https://t.co/BfJgkhSJnz",0,FALSE,FALSE,"806784399488389120","RiotSunset","<a href=""http://twitter.com/download/android"" rel=""nofollow"">Twitter for Android</a>",FALSE,"Thu Dec 08 08:56:04 +0000 2016","806783684309196801","275790517","en",16,FALSE,"Vancouver, Canada","1104182144","Games/anime, absurdity/cheek, tangents, cooking, fùtbol, against fascism. Nerdier than nerd husbando. Linguistics MA, Tutor/Editor. Tweets are mine. Art is not.",TRUE,"Sat Jan 19 17:10:50 +0000 2013",106222,422,167040,FALSE,NA,"<ed><U+00A0><U+00BC><ed><U+00BE><U+0084>Mari Fishmas<ed><U+00A0><U+00BC><ed><U+00BE><U+0084>","Pacific Time (US & Canada)","en",-28800,1396,"GoldStarMarimo","CA","Canada","city","Richmond, British Columbia",NA,NA,49.1742415,-123.1308365,NA,NA,NA,NA
"146525","<U+2744><U+FE0F>Good Morning <U+2603><U+FE0F><U+2744><U+FE0F> #rakbcn #fashionsalamanca #travel #familytrip #holidays #cold #happylife… https://t.co/wTXyNiOnJ3",0,FALSE,FALSE,"806784558968369152",NA,"<a href=""http://instagram.com"" rel=""nofollow"">Instagram</a>",FALSE,"Thu Dec 08 08:56:42 +0000 2016",NA,NA,"en",48,FALSE,NA,"528569014","Estilista-Asesora de Imagen Blogger.                 Comunity Manager                                                <U+2B50><U+FE0F>Salamanca-Barcelona-Madrid <U+2B50><U+FE0F>",TRUE,"Sun Mar 18 14:43:04 +0000 2012",2062,701,404,FALSE,"http://www.RAKBCN.com","Rak","Ljubljana","es",3600,1654,"rakbcn","FI","Finlandia","city","Kolari, Suomi",NA,NA,67.2883735,24.205622,67.3333,23.8,"https://s.m-w.com/2f9Ewxv","https://t.co/wTXyNiOnJ3"
"146577","Good morning @KezCobb @radioverulam @emilyallywalls @jonesmat",0,FALSE,FALSE,"806784669404438529","KezCobb","<a href=""http://twitter.com/download/iphone"" rel=""nofollow"">Twitter for iPhone</a>",FALSE,"Thu Dec 08 08:57:09 +0000 2016","806784028762222593","287246747","en",128,FALSE,"Hertfordshire, UK","2917651271","Tg #greentea Wellness reinvented #GreatTasteAward organic hot brews. #British chilled brews, delish with a bit of go go! Try NEW #tasty Tg e-Shop open #drinktg",TRUE,"Fri Dec 12 13:57:21 +0000 2014",6353,7247,6750,FALSE,"http://www.DrinkTg.com","Tg green tea","London","en",0,4443,"DrinkTg","GB","United Kingdom","city","Kings Langley, East",NA,NA,51.7123415,-0.4571265,NA,NA,NA,NA
"146589","@feline4 @HowardDonald @honoria_bernier @BothofIlse @YasminHartley74 good morning xxxxxx",0,FALSE,FALSE,"806784691105734656","feline4","<a href=""http://twitter.com"" rel=""nofollow"">Twitter Web Client</a>",FALSE,"Thu Dec 08 08:57:14 +0000 2016","806767339291054080","54363258","en",56,FALSE,NA,"2815502971","I Love @takethat,@thescript,@coltonavery, @duranduran @westlife<U+2764> @GaryBarlow,@theScript_Danny @thescript @coltonavery  @JamesArthur23,@shanelynchlife all follow",TRUE,"Wed Sep 17 19:54:39 +0000 2014",31288,2566,19945,FALSE,NA,"Maria José Fragata",NA,"pt",NA,2005,"maria_fragata","PT","Portugal","city","Loures, Portugal",NA,NA,38.8578595,-9.158211,NA,NA,NA,NA
"146598","Good morning peeps <U+2764><U+FE0F><ed><U+00A0><U+00BD><ed><U+00B8><U+0098><ed><U+00A0><U+00BD><ed><U+00B8><U+008A><U+263A><U+FE0F>",0,FALSE,FALSE,"806784700073185280",NA,"<a href=""http://twitter.com/download/iphone"" rel=""nofollow"">Twitter for iPhone</a>",FALSE,"Thu Dec 08 08:57:16 +0000 2016",NA,NA,"en",65,FALSE,"England, United Kingdom","134567630","<U+2764> @Rihanna #DWT 17/06/13 @BritneySpears #POM 28/12/14 Disney,Big Bang Theory <U+2764><U+FE0F>.Trying to survive my mental health! I'm on a weight loss journey 41lbs lost",TRUE,"Sun Apr 18 20:22:27 +0000 2010",25168,1443,3170,FALSE,NA,"Kelly-Marie DisRih","London","en",0,1379,"msellie17","GB","United Kingdom","city","Wantage, England",NA,NA,51.5888575,-1.4250895,NA,NA,NA,NA
"146626","@maymc21 good morning Mary <ed><U+00A0><U+00BD><ed><U+00B8><U+008A><ed><U+00A0><U+00BD><ed><U+00B1><U+008D><U+2618><U+FE0F>",0,FALSE,FALSE,"806784746722238464","maymc21","<a href=""http://twitter.com/download/iphone"" rel=""nofollow"">Twitter for iPhone</a>",FALSE,"Thu Dec 08 08:57:27 +0000 2016","806784143090597888","412247235","en",45,FALSE,"kirkcaldy<U+E110>","200254524","Tell bad jokes so if you don't like silly don't follow.hate Tories.Season ticket holder Celtic Park 407. northern soul. RFC best left dead HH",TRUE,"Fri Oct 08 20:53:37 +0000 2010",61853,13319,142,FALSE,NA,"<U+E110>John Connell<U+E110>","Casablanca","en-gb",0,12708,"celticjohn67","GB","United Kingdom","city","Edinburgh, Scotland",NA,NA,55.9431955,-3.2030085,NA,NA,NA,NA
"14665510","@hellaf7 good morning Helen <ed><U+00A0><U+00BD><ed><U+00B8><U+008A><ed><U+00A0><U+00BD><ed><U+00B1><U+008D><U+2618><U+FE0F>",0,FALSE,FALSE,"806784823293448193","hellaf7","<a href=""http://twitter.com/download/iphone"" rel=""nofollow"">Twitter for iPhone</a>",FALSE,"Thu Dec 08 08:57:45 +0000 2016","806783441312182272","147730628","en",45,FALSE,"kirkcaldy<U+E110>","200254524","Tell bad jokes so if you don't like silly don't follow.hate Tories.Season ticket holder Celtic Park 407. northern soul. RFC best left dead HH",TRUE,"Fri Oct 08 20:53:37 +0000 2010",61854,13319,142,FALSE,NA,"<U+E110>John Connell<U+E110>","Casablanca","en-gb",0,12708,"celticjohn67","GB","United Kingdom","city","Edinburgh, Scotland",NA,NA,55.9431955,-3.2030085,NA,NA,NA,NA
"146665","Good morning",0,FALSE,FALSE,"806784845250580480",NA,"<a href=""http://twitter.com/download/iphone"" rel=""nofollow"">Twitter for iPhone</a>",FALSE,"Thu Dec 08 08:57:51 +0000 2016",NA,NA,"en",779,FALSE,"Delaware ","15549109","http://NerdAtTheCoolTable.Com #GemFactory Founder | Church For The Wild Podcast Co Host | Creative Consultant |  Assist Leader  | Contact: NerdNash@Gmail.Com",TRUE,"Wed Jul 23 00:40:06 +0000 2008",221958,46673,10448,FALSE,"http://www.NerdAtTheCoolTable.com","Nerd Nash","Eastern Time (US & Canada)","en",-18000,17232,"NerdAtCoolTable","US","United States","admin","Delaware, USA",NA,NA,39.1450235,-75.3864605,NA,NA,NA,NA
"14671210","Good morning #HerMentality",0,FALSE,FALSE,"806784931460358144",NA,"<a href=""http://twitter.com/download/android"" rel=""nofollow"">Twitter for Android</a>",FALSE,"Thu Dec 08 08:58:11 +0000 2016",NA,NA,"en",45,FALSE,"Mmabatho, Mafikeng - Jozi","126650371","I Run @MadameInc_ • @TheWordTheLook Founder & Producer • Marketing Pro • Certified Stoner • Art Lover • Poetess • Mokone",TRUE,"Fri Mar 26 15:08:03 +0000 2010",68661,2553,279,FALSE,"http://facebook.com/mablomo","Rolling Stoner","Greenland","en",-10800,1806,"MadameMablomo","ZA","South Africa","city","Johannesburg, South Africa",NA,NA,-26.2761385,27.968098,NA,NA,NA,NA
"14671410","Good morning to all of our great customers. We hope you all have a great day. 13498 Northline.… https://t.co/9SlxTNFZCf",0,FALSE,FALSE,"806784933607809024",NA,"<a href=""http://instagram.com"" rel=""nofollow"">Instagram</a>",FALSE,"Thu Dec 08 08:58:12 +0000 2016",NA,NA,"en",14,FALSE,"Southgate,Mi.","250890341","Caprara Bakery has been serving the Downriver and metro area for 55 years. 13498 Northline Rd...734.284.2820....Mon-Fri. 8am-6:30 Sat 8am-4:30.closed Sun",TRUE,"Sat Feb 12 01:00:33 +0000 2011",663,1856,512,FALSE,"http://www.caprarabakery.com","Caprara Bakery","Eastern Time (US & Canada)","en",-18000,3725,"CapraraBakery","US","United States","city","Southgate, MI",NA,NA,42.206131,-83.204709,42.21381827,-83.18937925,"https://s.m-w.com/2f9Ewxv","https://t.co/9SlxTNFZCf"
"146721","Hello, Good morning... From the hot ass town of Livingstone...",0,FALSE,FALSE,"806784951936876545",NA,"<a href=""http://twitter.com/download/iphone"" rel=""nofollow"">Twitter for iPhone</a>",FALSE,"Thu Dec 08 08:58:16 +0000 2016",NA,NA,"en",5,FALSE,"Tory Lanez - Real Adresses","188714357","The life and times of a mild mannerd black boy... I try not to tweet anything of substance very often #MUFC High Key Environmentalist, Low key Gender activist.",TRUE,"Thu Sep 09 12:21:22 +0000 2010",11614,687,652,FALSE,"http://facebook.com/sekeleti","Nanda","Cairo","en",7200,830,"blistic_1","ZM","Zambia","admin","Southern, Zambia",NA,NA,-16.6817175,26.947515,NA,NA,NA,NA
"146725","Good morning from a very wet and windy Plymouth...2 weeks today I'll be on holiday in <ed><U+00A0><U+00BC><ed><U+00B7><U+00BA><ed><U+00A0><U+00BC><ed><U+00B7><U+00B8> https://t.co/PDMEC8EkEQ",0,FALSE,FALSE,"806784961676079104",NA,"<a href=""http://twitter.com/download/iphone"" rel=""nofollow"">Twitter for iPhone</a>",FALSE,"Thu Dec 08 08:58:18 +0000 2016",NA,NA,"en",21,FALSE,"plymouth","281756039","Beauty thearpist for 20 years very forunate to have a wonderful family :). I now own a Dermalogica and Caci skin care centre human slave to Barnabas & Barbossa.",TRUE,"Wed Apr 13 22:26:54 +0000 2011",6973,261,15910,FALSE,"http://www.beauty-therapy-with-claire-plymouth.co.uk","Claire Payne",NA,"en",NA,592,"colonicclaire","GB","United Kingdom","city","Plymouth, England",NA,NA,50.402215,-4.14293,NA,NA,NA,NA
"146799","@propertini good morning long time no tweet have a great day hope alls good with you",0,FALSE,FALSE,"806785509758365696","propertini","<a href=""http://twitter.com/download/iphone"" rel=""nofollow"">Twitter for iPhone</a>",FALSE,"Thu Dec 08 09:00:29 +0000 2016",NA,"171897908","en",285,FALSE,"Wirral, Cheshire, Merseyside ","388466131","Estate Agent , PR, Sales, Restaurant reviewer, Master Chef, Foodie, Social media, University of life, Garlic,Chilli,Coffee,Seafood. #F1 #Porsche",TRUE,"Mon Oct 10 19:54:53 +0000 2011",149725,6720,103167,FALSE,NA,"Dave Bradshaw","London","en",0,7010,"davidbradshaw91","GB","United Kingdom","city","Neston, England",NA,NA,53.2926985,-3.063802,NA,NA,NA,NA
"146824","Good morning! There are 48 fashion events happening today in London! https://t.co/els6DiIM6o",0,FALSE,FALSE,"806785555824394240",NA,"<a href=""https://www.chicmi.com/"" rel=""nofollow"">Chicmi</a>",FALSE,"Thu Dec 08 09:00:40 +0000 2016",NA,NA,"en",44,FALSE,"London, UK","2567728987","We're London's free fashion calendar, and we tweet about everything happening in the fashion scene in London. For sample sales only, see @londonsamples.",TRUE,"Sat Jun 14 20:06:04 +0000 2014",6869,1611,12618,FALSE,"https://www.chicmi.com/london/","Chicmi London","London","en",0,1550,"chicmiapp","GB","United Kingdom","city","City of London, London",NA,NA,51.5144805,-0.0929105,51.514125,-0.093689,"https://s.m-w.com/2f9Ewxv","https://t.co/els6DiIM6o"
"14693210","Good morning #VersaillesFamily <ed><U+00A0><U+00BD><ed><U+00B8><U+008A> hope  you all enjoy your Thursday. Keep up the good work voting (I'll be at work but will vote when poss.)<ed><U+00A0><U+00BD><ed><U+00B8><U+0083>",0,FALSE,FALSE,"806785723051323392",NA,"<a href=""http://twitter.com/download/android"" rel=""nofollow"">Twitter for Android</a>",FALSE,"Thu Dec 08 09:01:20 +0000 2016",NA,NA,"en",0,FALSE,"Currently back home in Suffolk","1566818414","Loves...museums,taking photos,history,nature,laughing,tea and toast,netflix...off to India soon to volunteer and and (re)find myself soon.",TRUE,"Wed Jul 03 22:26:54 +0000 2013",18440,561,56649,FALSE,"https://www.instagram.com/taw78","Trudy White","London","en",0,2225,"TrudyWhite78","GB","United Kingdom","city","Lowestoft, England",NA,NA,52.4761045,1.723524,NA,NA,NA,NA
"14693310","Good Morning Beautiful People",0,FALSE,FALSE,"806785723206504449",NA,"<a href=""http://twitter.com/download/iphone"" rel=""nofollow"">Twitter for iPhone</a>",FALSE,"Thu Dec 08 09:01:20 +0000 2016",NA,NA,"en",140,FALSE,"OLD TRAFFORD","387074628","Wisdom comes from God not from age <U+270D>Don't be rude to people.It pays to be nice&courteous<U+2764>MANCHESTER UNITED<U+2764><U+FE0F>José Mario Dos Santos Mourinho Felix is my coach<U+270D>",TRUE,"Sat Oct 08 12:29:52 +0000 2011",121844,3618,165,FALSE,"http://www.manutd.com","Mourinho is My Coach","London","en",0,894,"callmefestival","GH","Ghana","city","Accra, Ghana",NA,NA,5.6231985,-0.1842935,NA,NA,NA,NA
"147043","good morning Barcelona! #iBridge2016 cc @iBRIDGES_news @500Startups https://t.co/LQPGTgm1aC",0,FALSE,FALSE,"806785959870115840",NA,"<a href=""http://twitter.com/download/iphone"" rel=""nofollow"">Twitter for iPhone</a>",FALSE,"Thu Dec 08 09:02:16 +0000 2016",NA,NA,"en",11285,TRUE,"Silicon Valley, CA","1081","Founder & Troublemaker @500Startups. Blogger @ http://500hats.com. #500STRONG #500LOVE #500PROUD",TRUE,"Sun Jul 16 00:37:30 +0000 2006",68108,343076,37683,FALSE,"http://500.co","Dave McClure","Pacific Time (US & Canada)","en",-28800,16977,"davemcclure","ES","Spain","city","Barcelona, Spain",NA,NA,41.392657,2.1412275,NA,NA,NA,NA
"147066","Good Morning! #TodayIsGreater #BelieveIt #SpeakIt #LiveIt ...Choose to be great!",0,FALSE,FALSE,"806786017252343808",NA,"<a href=""http://twitter.com/download/iphone"" rel=""nofollow"">Twitter for iPhone</a>",FALSE,"Thu Dec 08 09:02:30 +0000 2016",NA,NA,"en",132,FALSE,"Atlanta","19769121","Host of @theshakeupam. Journalist. Radio/TV host @mybossfm & @UrbanNewsroom / snapchat: alexthegreatatl / booking@alexhaynes.com http://www.theshakeupam.com",TRUE,"Fri Jan 30 14:29:13 +0000 2009",137732,125651,2000,FALSE,"http://alexunmuted.com","ALEX THE GREAT","Eastern Time (US & Canada)","en",-18000,6230,"AlexUnmuted","US","United States","city","Atlanta, GA",NA,NA,33.7671945,-84.433106,NA,NA,NA,NA
"147068","GOOD morning I'm meeting Livia today",0,FALSE,FALSE,"806786020549087233",NA,"<a href=""http://twitter.com/download/android"" rel=""nofollow"">Twitter for Android</a>",FALSE,"Thu Dec 08 09:02:31 +0000 2016",NA,NA,"en",85,FALSE,"Community of Madrid, Spain","164018963","<ed><U+00A0><U+00BC><ed><U+00BC><U+0088> Peace of mind must be nice <ed><U+00A0><U+00BC><ed><U+00BC><U+0088> +(<U+FFE3><U+30EE><U+FFE3>)+ #TeamKatya",TRUE,"Wed Jul 07 21:09:52 +0000 2010",85224,7384,2822,FALSE,"http://seashell-fairy.tumblr.com","<U+2728> Vir <U+2728>","Greenland","en",-10800,7144,"virgilovesgaga","ES","Spain","city","Madrid, Spain",NA,NA,40.4777945,-3.7035075,NA,NA,NA,NA
"147080","Good morning babys",0,FALSE,FALSE,"806786039171776514",NA,"<a href=""http://twitter.com/download/iphone"" rel=""nofollow"">Twitter for iPhone</a>",FALSE,"Thu Dec 08 09:02:35 +0000 2016",NA,NA,"en",0,FALSE,NA,"2588256494","quando o pretin passou ela sorriu",TRUE,"Wed Jun 25 21:34:11 +0000 2014",4064,177,2027,FALSE,NA,"hiago","Mid-Atlantic","pt",-7200,494,"adonaii0","BR","Brasil","city","Rio de Janeiro, Brasil",NA,NA,-22.9114215,-43.441578,NA,NA,NA,NA
"14711810","Good morning to our loyal  #interactors! @Batholith_forge @BeingExample @berunharudo @BloggerTree @BristolLovesBiz… https://t.co/5xadPHNTFG",0,FALSE,TRUE,"806786114392461313",NA,"<a href=""http://twitter.com"" rel=""nofollow"">Twitter Web Client</a>",FALSE,"Thu Dec 08 09:02:53 +0000 2016",NA,NA,"en",121,FALSE,"The Netherlands","2495383026","'The Wim Hof Film Tribe' welcomes you to get involved! Our #film #trailer says it all - https://goo.gl/JxEhkb - #JustWImIt - Receive your FREE #ebook!",TRUE,"Thu May 15 00:55:55 +0000 2014",1302,826,1519,FALSE,"http://www.wimhofthefilm.com","WimHof_IceManFilm ","London","en",0,806,"WimHof_Ice_Film","US","United States","country","United States",NA,NA,42.308346,0.314299500000004,NA,NA,"https://s.m-w.com/2f9Ewxv","https://t.co/5xadPHNTFG"
"147162","@DoctorWhotch Good morning https://t.co/IYFZcSfXpL",0,FALSE,FALSE,"806786218226642945","DoctorWhotch","<a href=""http://twitter.com"" rel=""nofollow"">Twitter Web Client</a>",FALSE,"Thu Dec 08 09:03:18 +0000 2016",NA,"89503611","en",48,FALSE,"West Croydon","21021175","Huge TG fan. Admin of Fans of Thomas Gibson. Hotch fan-fic author I'm bisexual and In love with @samanthah444sh",TRUE,"Mon Feb 16 20:09:23 +0000 2009",215480,1172,84,FALSE,"https://www.fanfiction.net/u/2235948/MrsChipRockefeller","Baldy Stands By TG!!","Casablanca","en",0,418,"ScholaFromAbove","GB","United Kingdom","city","Croydon, London",NA,NA,51.358931,-0.092633,NA,NA,NA,NA
"147192","Good morning you lovely lot <ed><U+00A0><U+00BD><ed><U+00B8><U+008D>xx",0,FALSE,FALSE,"806786299298332673",NA,"<a href=""http://twitter.com/download/iphone"" rel=""nofollow"">Twitter for iPhone</a>",FALSE,"Thu Dec 08 09:03:37 +0000 2016",NA,NA,"en",3,FALSE,"Shrewsbury, England","790483903601602561","The Market Hall",TRUE,"Mon Oct 24 09:23:43 +0000 2016",127,97,76,FALSE,NA,"lovelylittleworld",NA,"en",NA,195,"lovelyworld16","GB","United Kingdom","city","Frodesley, England",NA,NA,52.606438,-2.7190975,NA,NA,NA,NA
"147266","@camorgmcfc good morning sir",0,FALSE,FALSE,"806786472820883456","camorgmcfc","<a href=""http://twitter.com/download/android"" rel=""nofollow"">Twitter for Android</a>",FALSE,"Thu Dec 08 09:04:19 +0000 2016","806462167146962944","4704504395","en",5,FALSE,"meadow lane stadium or any pub","2223153610","kimbo aka ratbag 0.5 June 21st birthday 27 years young Notts County home and away 
bets kopparberg away day <U+26AB><U+26AA><U+26AB><U+26AA>",TRUE,"Fri Dec 13 10:04:57 +0000 2013",16923,370,26,FALSE,NA,"Kimbo ratbag <U+26BD><U+26BD>",NA,"en",NA,317,"kimbo1862","GB","United Kingdom","city","Carlton, England",NA,NA,52.985326,-1.1140985,NA,NA,NA,NA
"147277","Good morning <ed><U+00A0><U+00BD><ed><U+00B8><U+008A>",0,FALSE,FALSE,"806786486389477376",NA,"<a href=""http://twitter.com/download/iphone"" rel=""nofollow"">Twitter for iPhone</a>",FALSE,"Thu Dec 08 09:04:22 +0000 2016",NA,NA,"en",72,FALSE,NA,"1399383727","If i follow you its because you're unique.. #teamfollowback #teamNewYork #teamUK #teamAustralia #teamCanada",TRUE,"Fri May 03 10:05:21 +0000 2013",53616,12875,7,FALSE,NA,"Prince Jameson","Atlantic Time (Canada)","en",-14400,8845,"PrinceJameson09","US","United States","city","Philadelphia, PA",NA,NA,40.0048655,-75.117998,NA,NA,NA,NA
"147313","Hello World.!<ed><U+00A0><U+00BD><ed><U+00B8><U+0080><ed><U+00A0><U+00BD><ed><U+00B8><U+0080>
Good Morning Europe.!
Good Afternoon Asia.!
Have a Thirsty and Tasty Thursday everyone.!<ed><U+00A0><U+00BD><ed><U+00B8><U+008A><ed><U+00A0><U+00BD><ed><U+00B8><U+008A>
Love...L… https://t.co/qcCAOIMXcP",0,FALSE,TRUE,"806786575644303363",NA,"<a href=""http://twitter.com/download/android"" rel=""nofollow"">Twitter for Android</a>",FALSE,"Thu Dec 08 09:04:43 +0000 2016",NA,NA,"en",1,FALSE,NA,"2738126429","Live for today. Love for tomorrow. Laugh at all your yesterday. Never regret the past. Always hope for the future and Cherish every moment you have...!!",TRUE,"Sat Aug 09 13:45:43 +0000 2014",1575,57,548,FALSE,NA,"J. R. S.",NA,"en",NA,687,"Tuxedo016","IT","Italy","city","Genoa, Liguria",NA,NA,44.449499,8.880845,NA,NA,"http://ift.tt/2fcmoTf","https://t.co/qcCAOIMXcP"
"147342","@arbmcfcpab good morning Tony sir have yourself a lovely Thursday hope you didn't have to many orders yday lol god bless you xx",0,FALSE,FALSE,"806786643948515328","arbmcfcpab","<a href=""http://twitter.com/download/android"" rel=""nofollow"">Twitter for Android</a>",FALSE,"Thu Dec 08 09:04:59 +0000 2016","806433720332939264","819875766","en",5,FALSE,"meadow lane stadium or any pub","2223153610","kimbo aka ratbag 0.5 June 21st birthday 27 years young Notts County home and away 
bets kopparberg away day <U+26AB><U+26AA><U+26AB><U+26AA>",TRUE,"Fri Dec 13 10:04:57 +0000 2013",16924,370,26,FALSE,NA,"Kimbo ratbag <U+26BD><U+26BD>",NA,"en",NA,317,"kimbo1862","GB","United Kingdom","city","Carlton, England",NA,NA,52.985326,-1.1140985,NA,NA,NA,NA
"147345","Good morning #Argentina! Sun will rise in 30 minutes (local time 06:05) #Sunrise #Photo #Photography [08.12.2016]",0,FALSE,FALSE,"806786656355258368",NA,"<a href=""http://www.twitter.com/photoschedule"" rel=""nofollow"">Photo Schedule Tweeter</a>",FALSE,"Thu Dec 08 09:05:02 +0000 2016",NA,NA,"en",181,FALSE,"Finland","4567387397","We bring up sunrise and sunset around the world so you can get your camera ready or just enjoy the view. Fixed and Updated 03/2016 :). Developed by @TheOwlkeep",TRUE,"Tue Dec 22 11:53:15 +0000 2015",288535,142,0,FALSE,"http://www.owlkeep.com","PhotoSchedule","Midway Island","en",-39600,4,"PhotoSchedule","AR","Argentina","city","Córdoba, Argentina",NA,NA,-31.4154565,-64.1980255,-31.4,-64.18333,NA,NA
"147348","Good morning #Cuiaba! Sun will rise in 30 minutes (local time 06:05) #Sunrise #Photo #Photography [08.12.2016]",0,FALSE,FALSE,"806786661052862464",NA,"<a href=""http://www.twitter.com/photoschedule"" rel=""nofollow"">Photo Schedule Tweeter</a>",FALSE,"Thu Dec 08 09:05:04 +0000 2016",NA,NA,"en",181,FALSE,"Finland","4567387397","We bring up sunrise and sunset around the world so you can get your camera ready or just enjoy the view. Fixed and Updated 03/2016 :). Developed by @TheOwlkeep",TRUE,"Tue Dec 22 11:53:15 +0000 2015",288536,142,0,FALSE,"http://www.owlkeep.com","PhotoSchedule","Midway Island","en",-39600,4,"PhotoSchedule","BR","Brazil","city","Cuiabá, Brazil",NA,NA,-15.4551765,-55.842543,-15.58333,-56.08333,NA,NA
"147424","@ClaphamandC Good morning! #SolicitorChat",0,FALSE,FALSE,"806787273618358272","ClaphamandC","<a href=""http://twitter.com"" rel=""nofollow"">Twitter Web Client</a>",FALSE,"Thu Dec 08 09:07:30 +0000 2016","806786963063730176","351536647","en",102,FALSE,"UK","2485549206","The official profile for #SolicitorHour. If you have any issues with the above, let us know! Our best friend is @LawSocietyFAS",TRUE,"Fri May 09 15:52:52 +0000 2014",8556,3508,1073,FALSE,"http://solicitors.lawsociety.org.uk/","SolicitorHour","London","en",0,2610,"solicitorhour","GB","United Kingdom","city","Sunderland, England",NA,NA,54.8992425,-1.385366,NA,NA,NA,NA
"147471","Good morning #Argentina! Sun will rise in 30 minutes (local time 06:08) #Sunrise #Photo #Photography [08.12.2016]",0,FALSE,FALSE,"806787411061547008",NA,"<a href=""http://www.twitter.com/photoschedule"" rel=""nofollow"">Photo Schedule Tweeter</a>",FALSE,"Thu Dec 08 09:08:02 +0000 2016",NA,NA,"en",181,FALSE,"Finland","4567387397","We bring up sunrise and sunset around the world so you can get your camera ready or just enjoy the view. Fixed and Updated 03/2016 :). Developed by @TheOwlkeep",TRUE,"Tue Dec 22 11:53:15 +0000 2015",288537,142,0,FALSE,"http://www.owlkeep.com","PhotoSchedule","Midway Island","en",-39600,4,"PhotoSchedule","AR","Argentina","city","San Luis, Argentina",NA,NA,-33.2978785,-66.330479,-33.31667,-66.35,NA,NA
"147512","Good morning #Solihull!<U+2614><U+FE0F> It's a bit of a dull start to the day, but on the bright side...it's Friday tomorrow!… https://t.co/Mf87FTF4Nv",0,FALSE,TRUE,"806787477239275520",NA,"<a href=""http://twitter.com/download/iphone"" rel=""nofollow"">Twitter for iPhone</a>",FALSE,"Thu Dec 08 09:08:18 +0000 2016",NA,NA,"en",102,FALSE,"Solihull","263207705","Solihull BID - supporting local businesses on a national level.",TRUE,"Wed Mar 09 16:14:41 +0000 2011",10110,4345,1058,FALSE,"http://www.solihullbid.co.uk","SolihullBID","London","en",0,999,"SolihullBID","GB","United Kingdom","city","Solihull, England",NA,NA,52.447226,-1.7874955,NA,NA,"https://www.instagram.com/p/BNt_TdAjpVAYEMa81jCRuhEwb8Umdwwu3VEl3Y0/","https://t.co/Mf87FTF4Nv"
"147551","@JackieVear Good morning https://t.co/kwcXSJok6t",0,FALSE,FALSE,"806787562811445248","JackieVear","<a href=""http://twitter.com"" rel=""nofollow"">Twitter Web Client</a>",FALSE,"Thu Dec 08 09:08:39 +0000 2016",NA,"316528093","en",48,FALSE,"West Croydon","21021175","Huge TG fan. Admin of Fans of Thomas Gibson. Hotch fan-fic author I'm bisexual and In love with @samanthah444sh",TRUE,"Mon Feb 16 20:09:23 +0000 2009",215481,1172,84,FALSE,"https://www.fanfiction.net/u/2235948/MrsChipRockefeller","Baldy Stands By TG!!","Casablanca","en",0,418,"ScholaFromAbove","GB","United Kingdom","city","Croydon, London",NA,NA,51.358931,-0.092633,NA,NA,NA,NA
"147664","Good morning..... #newday #tsblog #loveit #beautifulday @ Farroupilha https://t.co/tUN62amuAu",0,FALSE,FALSE,"806787782135791616",NA,"<a href=""http://instagram.com"" rel=""nofollow"">Instagram</a>",FALSE,"Thu Dec 08 09:09:31 +0000 2016",NA,NA,"en",18,FALSE,"Rio Grande do Sul","122802154","Economista - Blogger - Youtuber
https://www.youtube.com/channel/UCawH-8DXZe5vCdGZJZsToPQ",TRUE,"Sat Mar 13 23:54:52 +0000 2010",1144,184,370,FALSE,"http://www.thiagospagnollo.com/","Thiago Spagnollo","Brasilia","pt",-7200,618,"thiagospagnollo","BR","Brasil","city","Farroupilha, Brasil",NA,NA,-29.1920955,-51.3741245,-29.2333,-51.35,"https://s.m-w.com/2f9Ewxv","https://t.co/tUN62amuAu"
"147666","Good morning avocado I <U+2764><U+FE0F> you @ Coco's Canteen town centre &amp; Waterpark beach front https://t.co/bMdhsPJTP7",0,FALSE,FALSE,"806787791686246401",NA,"<a href=""http://instagram.com"" rel=""nofollow"">Instagram</a>",FALSE,"Thu Dec 08 09:09:33 +0000 2016",NA,NA,"en",38,FALSE,"Weston-super-Mare","180348650","food, fitness, francesca - hello now you know me,",TRUE,"Thu Aug 19 12:15:20 +0000 2010",6496,865,597,FALSE,"http://www.cocoscanteen.uk","Clare","London","en",0,522,"cocoscanteen","GB","United Kingdom","city","Weston-super-Mare, England",NA,NA,51.346796,-2.9451295,51.34769368,-2.97795613,"https://twitter.com/sportscenter/status/806499051214663681","https://t.co/bMdhsPJTP7"
"147684","Good morning though lol",0,FALSE,FALSE,"806787833608290304",NA,"<a href=""http://twitter.com/download/iphone"" rel=""nofollow"">Twitter for iPhone</a>",FALSE,"Thu Dec 08 09:09:43 +0000 2016",NA,NA,"en",3,FALSE,"718 <U+2708> 336 <U+27A1><U+FE0F> 919","2235701578","GOD | NCCU'19 | Unbothered || westafricanqueen. <ed><U+00A0><U+00BC><ed><U+00B7><U+00B8><ed><U+00A0><U+00BC><ed><U+00B7><U+00B1><ed><U+00A0><U+00BC><ed><U+00B7><U+00AC><ed><U+00A0><U+00BC><ed><U+00B7><U+00AD><ed><U+00A0><U+00BD><ed><U+00B1><U+0091>",TRUE,"Sat Dec 21 03:22:59 +0000 2013",26744,1733,4898,FALSE,NA,"xena grace.<U+2728>","Pacific Time (US & Canada)","en",-28800,1812,"1prettyafrican","GH","Ghana","admin","Central, Ghana",NA,NA,5.6721985,-1.297375,NA,NA,NA,NA
"147690","Good morning @swpwallie @KittiesRules @keri2037 @shellrobo23 @WINTEROMANOGERS @sunshinedebbie1 @PackCMBucky… https://t.co/3uISQ6J2ee",0,FALSE,TRUE,"806787849894830080",NA,"<a href=""http://twitter.com"" rel=""nofollow"">Twitter Web Client</a>",FALSE,"Thu Dec 08 09:09:47 +0000 2016",NA,NA,"en",48,FALSE,"West Croydon","21021175","Huge TG fan. Admin of Fans of Thomas Gibson. Hotch fan-fic author I'm bisexual and In love with @samanthah444sh",TRUE,"Mon Feb 16 20:09:23 +0000 2009",215482,1172,84,FALSE,"https://www.fanfiction.net/u/2235948/MrsChipRockefeller","Baldy Stands By TG!!","Casablanca","en",0,418,"ScholaFromAbove","GB","United Kingdom","city","Croydon, London",NA,NA,51.358931,-0.092633,NA,NA,"https://twitter.com/seanieviola/status/806135421021409282","https://t.co/3uISQ6J2ee"
"147743","Good morning friends and welcome to the show. Big H with you now with Hits and Headlines and in today's year Emerso… https://t.co/qpcX8MCNM8",0,FALSE,TRUE,"806787930278612993",NA,"<a href=""http://twitter.com"" rel=""nofollow"">Twitter Web Client</a>",FALSE,"Thu Dec 08 09:10:06 +0000 2016",NA,NA,"en",164,FALSE,"Bolton ","31121565","Join in the #BigBoltonChat on 96.5FM in Bolton, online, and on your mobile or tablet!",TRUE,"Tue Apr 14 13:32:32 +0000 2009",26913,8170,2895,FALSE,"http://boltonfm.com","96.5 Bolton FM","London","en",0,1052,"BoltonFM","GB","United Kingdom","city","Bolton, England",NA,NA,53.5841845,-2.4349525,NA,NA,"http://globalmedzradio.com","https://t.co/qpcX8MCNM8"
"147756","@JBPWT2016 Good Morning",0,FALSE,FALSE,"806787950600065024","JBPWT2016","<a href=""http://twitter.com/download/iphone"" rel=""nofollow"">Twitter for iPhone</a>",FALSE,"Thu Dec 08 09:10:11 +0000 2016",NA,"4922728900","en",58,FALSE,"Oakland,California","1117845882","im saida i love Justin since 07 #MarkMyWords thats all that I have cause u give me #Purpose in every way & I Believe In Everything Because Everything Reachable",TRUE,"Thu Jan 24 22:05:14 +0000 2013",91576,5194,30219,FALSE,"http://omgisthatsaidam.tumblr.com","<ed><U+00A0><U+00BD><ed><U+00B2><U+0096>saida<ed><U+00A0><U+00BD><ed><U+00B2><U+0096>","Eastern Time (US & Canada)","en",-18000,5712,"omgisthatsaidam","US","United States","city","Oakland, CA",NA,NA,37.791994,-122.2286855,NA,NA,NA,NA
"147828","@MissYowlYY Good morning to you and thanks for the pic !  =:)",0,FALSE,FALSE,"806788107206938630","MissYowlYY","<a href=""http://twitter.com"" rel=""nofollow"">Twitter Web Client</a>",FALSE,"Thu Dec 08 09:10:48 +0000 2016","806777863785414656","226189125","en",224,FALSE,"Dept of Wabbit Affairs™","71486046","The mysterious wabbit is a wobbly wabbit.",TRUE,"Fri Sep 04 08:10:01 +0000 2009",83212,3404,2065,FALSE,"http://www.followthewabbit.com","The Wabbit","London","en",0,3299,"followthewabbit","IE","Ireland","city","Dublin City, Ireland",NA,NA,53.3549025,-6.2476215,NA,NA,NA,NA
"147870","@lzacribeiro Good morning",0,FALSE,FALSE,"806788204036661248","lzacribeiro","<a href=""http://twitter.com"" rel=""nofollow"">Twitter Web Client</a>",FALSE,"Thu Dec 08 09:11:11 +0000 2016","806593826546536448","735854468361822208","en",15,FALSE,"Campinas,SP,Brasil","198486348","secretaria, familia,  boa musica, um bom livro, cinema, fotografia, danca, artes mar, montanha , campo, animais, levantar cedo",TRUE,"Mon Oct 04 13:04:20 +0000 2010",2568,546,2398,FALSE,NA,"MARIA REGINA MARTINS","Arizona","pt",-25200,1004,"tiinsmaa","BR","Brasil","city","Campinas, Brasil",NA,NA,-22.8949945,-47.030218,NA,NA,NA,NA
"147891","BUENOS DIAS!!  GOOD MORNING!!",0,FALSE,FALSE,"806788268645715968",NA,"<a href=""http://twitter.com/download/android"" rel=""nofollow"">Twitter for Android</a>",FALSE,"Thu Dec 08 09:11:27 +0000 2016",NA,NA,"en",23,FALSE,NA,"99020461",NA,TRUE,"Thu Dec 24 03:41:23 +0000 2009",81081,1068,2270,FALSE,NA,"•","Caracas","es",-14400,4802,"maxbric777","VE","Venezuela","admin","Bolívar, Venezuela",NA,NA,6.030371,-63.8535955,NA,NA,NA,NA
"147899","Good Morning Prague... Perfect Breakfast at @boscoloprague. Ready to discover the city... #exactlylikenothingelse… https://t.co/qq148RBjlU",0,FALSE,TRUE,"806788277889998849",NA,"<a href=""http://twitter.com"" rel=""nofollow"">Twitter Web Client</a>",FALSE,"Thu Dec 08 09:11:29 +0000 2016",NA,NA,"en",35,FALSE,"Milano, Lombardia","243104520","Alessandro viaggiando per il mondo ha scoperto le bellezze del nostro pianeta tra avventure, paesaggi i popoli... Nasce cosi il Canale  I Viaggi di Ale...",TRUE,"Wed Jan 26 09:17:53 +0000 2011",1915,9919,1769,FALSE,"http://www.alessandromarras.com","Alessandro Marras","Rome","it",3600,549,"AleMarrasBlog","IT","Italia","city","Milano, Lombardia",NA,NA,45.461345,9.1593365,NA,NA,"https://twitter.com/i/web/status/806500205742919680","https://t.co/qq148RBjlU"
"147902","Good morning from our marketing team! We're having the last breakfast together talking about… https://t.co/URGloPRmpe",0,FALSE,FALSE,"806788283908788224",NA,"<a href=""http://instagram.com"" rel=""nofollow"">Instagram</a>",FALSE,"Thu Dec 08 09:11:30 +0000 2016",NA,NA,"en",68,FALSE,"Stockholm, Sweden","2396740670","Game developer, humanist, futurist, agnostic about everything. #PAYDAY2, #DeadbyDaylight, #JohnWickVR, #OVERKILLsTWD, #RAIDWW2 #YNWA",TRUE,"Tue Mar 18 20:37:00 +0000 2014",6524,17617,3726,FALSE,"http://www.starbreeze.com","Almir Listo","Amsterdam","sv",3600,1747,"almirlisto","SE","Sverige","city","Stockholm, Sverige",NA,NA,59.333671,17.980059,59.33321,18.06818,"https://youtu.be/NpCjsbsdTx4","https://t.co/URGloPRmpe"
"147907","Good morning Edinburgh!<ed><U+00A0><U+00BD><ed><U+00B1><U+008C><ed><U+00A0><U+00BC><ed><U+00BF><U+00BC> @ Edinburgh Castle https://t.co/27F9rmPkRA",0,FALSE,FALSE,"806788292188323840",NA,"<a href=""http://instagram.com"" rel=""nofollow"">Instagram</a>",FALSE,"Thu Dec 08 09:11:32 +0000 2016",NA,NA,"en",5,FALSE,NA,"309317968","Geography and sports. Basketball coach, passionate about swimming and artistic skating.",TRUE,"Wed Jun 01 22:08:02 +0000 2011",6167,276,161,FALSE,NA,"Ester Garcia","Greenland","es",-10800,384,"garciaEster","GB","Reino Unido","city","Edinburgh, Scotland",NA,NA,55.9431955,-3.2030085,55.94908805,-3.19791875,"https://twitter.com/darien_holley/status/806496060885663744","https://t.co/27F9rmPkRA"
"147992","Good morning mr Christmas tree #christmastree #xmax #liverpool #festive #flowers #snowman @… https://t.co/npFuYxUfHf",0,FALSE,FALSE,"806788906414804992",NA,"<a href=""http://instagram.com"" rel=""nofollow"">Instagram</a>",FALSE,"Thu Dec 08 09:13:59 +0000 2016",NA,NA,"en",27,FALSE,"146 Aigburth Rd L17 7BR","473498387","Call us on 0151 727 6757 for your flower needs and special events or simply order online!! #florist",TRUE,"Wed Jan 25 01:38:38 +0000 2012",2365,679,448,FALSE,"https://www.flowersliverpool.florist","Passion for Flowers","London","en",0,1032,"flowers_passion","GB","United Kingdom","city","Liverpool, England",NA,NA,53.4198785,-2.915427,53.378854,-2.949189,"https://twitter.com/i/web/status/806499587330543616","https://t.co/npFuYxUfHf"
"148043","Good morning @SarahPeterDVM @Pheobe_Js @aaronemilylove @Shyler007 @petrafan777 @flabornflaraise @Zoey_1976… https://t.co/d5viuMRQDb",0,FALSE,TRUE,"806789026187358209",NA,"<a href=""http://twitter.com"" rel=""nofollow"">Twitter Web Client</a>",FALSE,"Thu Dec 08 09:14:27 +0000 2016",NA,NA,"en",48,FALSE,"West Croydon","21021175","Huge TG fan. Admin of Fans of Thomas Gibson. Hotch fan-fic author I'm bisexual and In love with @samanthah444sh",TRUE,"Mon Feb 16 20:09:23 +0000 2009",215484,1172,84,FALSE,"https://www.fanfiction.net/u/2235948/MrsChipRockefeller","Baldy Stands By TG!!","Casablanca","en",0,418,"ScholaFromAbove","GB","United Kingdom","city","Croydon, London",NA,NA,51.358931,-0.092633,NA,NA,"http://rdo.to/KSVP","https://t.co/d5viuMRQDb"
"148072","Day start, good morning!",0,FALSE,FALSE,"806789107988905984",NA,"<a href=""http://twitter.com"" rel=""nofollow"">Twitter Web Client</a>",FALSE,"Thu Dec 08 09:14:47 +0000 2016",NA,NA,"en",290,FALSE,"Lisbon","6417782","Photographer, Video creator, Igniter! #photography #video #collaboration #Lisbon",TRUE,"Tue May 29 15:29:04 +0000 2007",140862,6271,307,FALSE,"http://retorta.net","Mario Pires","Lisbon","en",0,4746,"retorta","PT","Portugal","city","Lisbon, Portugal",NA,NA,38.743614,-9.159995,NA,NA,NA,NA
"148125","Good morning, CBC #London. #CanadaInLondon https://t.co/9NhNNENu9t",0,FALSE,FALSE,"806789230923874306",NA,"<a href=""http://twitter.com/download/iphone"" rel=""nofollow"">Twitter for iPhone</a>",FALSE,"Thu Dec 08 09:15:16 +0000 2016",NA,NA,"en",110,FALSE,"Fredericton, NB Canada","136998939","Brand and marketing strategist. Big picture thinker. Information junkie. Marketing Director @Accreon.",TRUE,"Sun Apr 25 13:57:19 +0000 2010",13800,1890,1630,FALSE,"https://www.linkedin.com/in/careylynnsmith","Carey Smith","Atlantic Time (Canada)","en",-14400,2350,"Carey_Smith","GB","United Kingdom","city","Paddington, London",NA,NA,51.5248355,-0.173115,NA,NA,NA,NA
"148290","Good Morning<U+270C><ed><U+00A0><U+00BC><ed><U+00BF><U+00BD><U+FE0F>",0,FALSE,FALSE,"806789588538662914",NA,"<a href=""http://twitter.com/download/iphone"" rel=""nofollow"">Twitter for iPhone</a>",FALSE,"Thu Dec 08 09:16:41 +0000 2016",NA,NA,"en",1,FALSE,NA,"108409505",NA,TRUE,"Mon Jan 25 21:22:54 +0000 2010",35286,466,5792,FALSE,NA,"Pedro L.","Atlantic Time (Canada)","en",-14400,304,"Pedro__21","US","United States","city","Carolina, USA",NA,NA,18.4059175,-65.9809325,NA,NA,NA,NA
"148300","GOOD MORNING!! We're online and ready to answer all of your questions from now until 6PM! https://t.co/ZuZ7YYx8US! #Thursday #morningrush",0,FALSE,FALSE,"806789613607993345",NA,"<a href=""http://twitter.com"" rel=""nofollow"">Twitter Web Client</a>",FALSE,"Thu Dec 08 09:16:47 +0000 2016",NA,NA,"en",79,FALSE,"Victoria Island, Nigeria","4163315596","Cranium One is a premium coworking hub that provides space for people to connect, collaborate and bring their ideas to reality",TRUE,"Wed Nov 11 10:49:44 +0000 2015",979,314,369,FALSE,"http://www.cranium-one.com","Cranium One",NA,"en",NA,126,"Cranium_One","NG","Nigeria","city","Victoria Island, Nigeria",NA,NA,6.4415305,3.5018455,NA,NA,"https://twitter.com/darien_holley/status/806496060885663744","https://t.co/ZuZ7YYx8US"
"148304","@kaz5722 Good morning Kaz! Need coffee!  <ed><U+00A0><U+00BD><ed><U+00B2><U+0095>",0,FALSE,FALSE,"806789623615631360","kaz5722","<a href=""http://twitter.com/download/android"" rel=""nofollow"">Twitter for Android</a>",FALSE,"Thu Dec 08 09:16:50 +0000 2016","806769842002853889","32893100","en",8,FALSE,"Lynn, MA","758795959593738240",NA,TRUE,"Thu Jul 28 22:47:09 +0000 2016",3128,187,7219,FALSE,NA,"julierichard",NA,"en",NA,171,"JulieRi39597096","US","United States","city","Lynn, MA",NA,NA,42.478737,-70.966855,NA,NA,NA,NA
"148324","Heyy Good Morning! #Holiday @ Vicenza, Italy https://t.co/XgYY2Yiq3j",0,FALSE,FALSE,"806789697024368642",NA,"<a href=""http://instagram.com"" rel=""nofollow"">Instagram</a>",FALSE,"Thu Dec 08 09:17:07 +0000 2016",NA,NA,"en",2,FALSE,"Italy ","510919233","Hey I'm Giorgia! I live in italy and i love sleeping #Yolo Love me Like A Love Song Baby and Please #FOLLOWME . snapchat - giorgette_98",TRUE,"Thu Mar 01 21:58:33 +0000 2012",2617,577,478,FALSE,"http://instagram.com/beliectioner_4_life","#PURPOSE","Amsterdam","it",3600,2128,"JODREWBELIEBER","IT","Italia","city","Vicenza, Veneto",NA,NA,45.5461875,11.55037,45.55,11.55,"http://fb.me/3cRzpkxus","https://t.co/XgYY2Yiq3j"
"148350","Good morning world!<ed><U+00A0><U+00BD><ed><U+00B8><U+008E>
It's that time again.  It's time to wake up, pray up, get up, dress up and be a productive part of what's up. Let's go.",0,FALSE,FALSE,"806789756105277444",NA,"<a href=""http://twitter.com/download/android"" rel=""nofollow"">Twitter for Android</a>",FALSE,"Thu Dec 08 09:17:21 +0000 2016",NA,NA,"en",12,FALSE,NA,"579131812","Supernaturally Created By God To Serve A Higher Purpose. I am a Pied Piper For Christ. If You God It, You've Got It!",TRUE,"Sun May 13 17:23:50 +0000 2012",19083,1164,4181,FALSE,NA,"Sir. Anthony West","Pacific Time (US & Canada)","en",-28800,1263,"Awinc3","US","United States","admin","Illinois, USA",NA,NA,39.7393005,-89.2665075,NA,NA,NA,NA
"148361","Good morning beautiful people!  We are open until 4.30pm for you all today.  We look forward to seeing you all <U+2614><ed><U+00A0><U+00BD><ed><U+00B8><U+008A><ed><U+00A0><U+00BC><ed><U+00BE><U+0084><ed><U+00A0><U+00BC><ed><U+00BE><U+0085> https://t.co/mT9QeeQlE5",0,FALSE,FALSE,"806789773197066241",NA,"<a href=""http://twitter.com/download/android"" rel=""nofollow"">Twitter for Android</a>",FALSE,"Thu Dec 08 09:17:26 +0000 2016",NA,NA,"en",6,FALSE,"Maesteg, Wales","4470755417","We are a paper craft, card making and scrap booking craft shop in Maesteg indoor market, Wales.  keeping crafting affordable!",TRUE,"Sun Dec 13 13:48:05 +0000 2015",296,71,31,FALSE,NA,"Florrie's","London","en",0,108,"FlorriesMaesteg","GB","United Kingdom","city","Maesteg, Wales",NA,NA,51.616494,-3.652869,NA,NA,NA,NA
"148375","Good morning my friend Most beautiful https://t.co/aHOs4izB6x",0,FALSE,FALSE,"806789806499844096",NA,"<a href=""http://twitter.com/download/android"" rel=""nofollow"">Twitter for Android</a>",FALSE,"Thu Dec 08 09:17:33 +0000 2016",NA,NA,"en",37,FALSE,NA,"789831172251615232",NA,TRUE,"Sat Oct 22 14:10:00 +0000 2016",3333,473,18354,FALSE,NA,"khalid@ 11 se8vq4dx.",NA,"fr",NA,3014,"j0l3lxrG2QYkubZ","MA","Royaume du Maroc","city","Assoukhour Assawda, Royaume du Maroc",NA,NA,33.586557,-7.579677,NA,NA,NA,NA
"148401","Waking up at 4:16 AM gives me an imagination of how my day will be. Good morning folks <ed><U+00A0><U+00BD><ed><U+00B8><U+009B>",0,FALSE,FALSE,"806789863106150400",NA,"<a href=""http://twitter.com/download/android"" rel=""nofollow"">Twitter for Android</a>",FALSE,"Thu Dec 08 09:17:47 +0000 2016",NA,NA,"en",17,FALSE,"Amman, Hashemite Kingdom of Jo","503697625","Quality Analyst. 
#Snapchat: oabdelsamad",TRUE,"Sat Feb 25 23:24:50 +0000 2012",85286,5752,378,FALSE,"https://www.instagram.com/OAbdelsamad","<U+0639><U+064A><U+0646> <U+0645><U+064A><U+0645> <U+0631><U+0627><U+0621> | <U+0639><U+064F><U+0645><U+064E><U+0631><U+0652>","Cairo","en",7200,832,"OAbdelsamad","US","United States","city","Jersey City, NJ",NA,NA,40.7180015,-74.066663,NA,NA,NA,NA
"148407","Good morning",0,FALSE,FALSE,"806789872987959296",NA,"<a href=""http://twitter.com/download/iphone"" rel=""nofollow"">Twitter for iPhone</a>",FALSE,"Thu Dec 08 09:17:49 +0000 2016",NA,NA,"en",2,FALSE,"The Capital, Kuwait","4429598609","Dalal Hussain Alruwaie <ed><U+00A0><U+00BD><ed><U+00B2><U+008E>FCB.SRK",TRUE,"Wed Dec 09 19:12:00 +0000 2015",2840,285,560,FALSE,"http://ask.fm/drowaie__?utm_source=twitter&utm_medium=social&utm_campaign=profile_own","DR<ed><U+00A0><U+00BC><ed><U+00BD><U+0081>",NA,"en-GB",NA,412,"Dalal_47_","KW","<U+062F><U+0648><U+0644><U+0629> <U+0627><U+0644><U+0643><U+0648><U+064A><U+062A>","city","<U+063A><U+0631><U+0646><U+0627><U+0637><U+0629>, <U+062F><U+0648><U+0644><U+0629> <U+0627><U+0644><U+0643><U+0648><U+064A><U+062A>",NA,NA,29.317576,47.87332,NA,NA,NA,NA
"148415","Good morning! <ed><U+00A0><U+00BD><ed><U+00B8><U+008A><U+2615>",0,FALSE,FALSE,"806789889215713280",NA,"<a href=""http://twitter.com/download/android"" rel=""nofollow"">Twitter for Android</a>",FALSE,"Thu Dec 08 09:17:53 +0000 2016",NA,NA,"en",7,FALSE,"Czech Republic / Wheaton, IL","146558251","Czech Republic | 21 y/o; Very ambitious czech girl, who has only one dream and it travel around the worl.. Home is there, where your heart is! <ed><U+00A0><U+00BD><ed><U+00B2><U+0095>",TRUE,"Fri May 21 18:59:21 +0000 2010",13303,325,671,FALSE,NA,"Romana M.","Prague","cs",3600,112,"ChristenChri","CZ","Ceská republika","city","Modrice, Ceská republika",NA,NA,49.124527,16.6059475,NA,NA,NA,NA
"148429","Good morning #Argentina! Sun will rise in 30 minutes (local time 06:18) #Sunrise #Photo #Photography [08.12.2016]",0,FALSE,FALSE,"806789928138854402",NA,"<a href=""http://www.twitter.com/photoschedule"" rel=""nofollow"">Photo Schedule Tweeter</a>",FALSE,"Thu Dec 08 09:18:02 +0000 2016",NA,NA,"en",181,FALSE,"Finland","4567387397","We bring up sunrise and sunset around the world so you can get your camera ready or just enjoy the view. Fixed and Updated 03/2016 :). Developed by @TheOwlkeep",TRUE,"Tue Dec 22 11:53:15 +0000 2015",288539,142,0,FALSE,"http://www.owlkeep.com","PhotoSchedule","Midway Island","en",-39600,4,"PhotoSchedule","AR","Argentina","city","San Fernando del Valle de Catamarca, Argentina",NA,NA,-28.4660005,-65.7781865,-28.46667,-65.78333,NA,NA
"148470","Good Morning!
Pic: @Slash &amp; The Conspirators, @MylesKennedy , @brentfitz ,@todddammitkerns ,@franksidoris https://t.co/ye830qYBnX",0,FALSE,FALSE,"806790009273532416",NA,"<a href=""http://twitter.com"" rel=""nofollow"">Twitter Web Client</a>",FALSE,"Thu Dec 08 09:18:22 +0000 2016",NA,NA,"en",80,FALSE,"NYC","55864197","@Slash's Official Secretary and Great Fan!  & followed by him since 2009",TRUE,"Sat Jul 11 16:16:29 +0000 2009",122878,5454,1951,FALSE,NA,"DEBBIE -Slash Fan","Santiago","en",-10800,1732,"DEBBIE3636","BR","Brazil","city","Sao Paulo, Brazil",NA,NA,-23.682803,-46.5955455,NA,NA,NA,NA
"148477","Good Morning World :D
A positive attitude may not solve all your problems, but it will annoy enough people to make it worth the effort :D :D",0,FALSE,FALSE,"806790022015774720",NA,"<a href=""http://twitter.com/download/android"" rel=""nofollow"">Twitter for Android</a>",FALSE,"Thu Dec 08 09:18:25 +0000 2016",NA,NA,"en",0,FALSE,"Patiala, India","711388906114027521","~hacker of ur heart <U+2661> <U+2665> <U+2661>
-PATIALA (RoYaL citY)
-trAvElleR
-thinker
-dReAmER
-MECH. enGinEer
-Single
~achiever",TRUE,"Sun Mar 20 03:08:26 +0000 2016",54,53,56,FALSE,NA,"Jaideep Kataria",NA,"en",NA,199,"culdudejai","IN","India","city","Patiala, India",NA,NA,30.2604745,76.4107045,NA,NA,NA,NA
"14848810","@bigjohnbear Good morning little cousin its lovely to meet you !!",0,FALSE,FALSE,"806790040332300288","bigjohnbear","<a href=""http://twitter.com"" rel=""nofollow"">Twitter Web Client</a>",FALSE,"Thu Dec 08 09:18:29 +0000 2016","806786034470002690","731419965438476288","en",54,FALSE,"Wetwang East Yorkshire","260244472","I have always had a  passion for all things Vintage & Antique especially Old teddy bears & I have a website called Once upon a time bears dedicated to old bears",TRUE,"Thu Mar 03 14:01:11 +0000 2011",8171,2297,1917,FALSE,"http://www.onceuponatimebears.co.uk","Onceuponatimebears","London","en",0,2608,"OldeTeddyBears","GB","United Kingdom","admin","Yorkshire and The Humber, England",NA,NA,53.9318445,-1.2074825,NA,NA,NA,NA
"148492","Good Morning, bootiful",0,FALSE,FALSE,"806790046875422720",NA,"<a href=""http://twitter.com"" rel=""nofollow"">Twitter Web Client</a>",FALSE,"Thu Dec 08 09:18:31 +0000 2016",NA,NA,"en",48,FALSE,"New York","552006489","Peter M Carlino CPA PLLC  peterm.carlino@gmail.com                   Republican",TRUE,"Thu Apr 12 14:58:43 +0000 2012",13752,3422,7131,FALSE,"https://taxpro.intuit.com/lacerte/","Peter M Carlino CPA","Eastern Time (US & Canada)","en",-18000,4321,"PeterCarlinoCPA","US","United States","city","Staten Island, NY",NA,NA,40.572376,-74.153947,NA,NA,NA,NA
"148493","@Josiestweet Good morning Josie. Hope you have a lovely day babe. Take care Xx",0,FALSE,FALSE,"806790050704814082","Josiestweet","<a href=""http://twitter.com/download/iphone"" rel=""nofollow"">Twitter for iPhone</a>",FALSE,"Thu Dec 08 09:18:32 +0000 2016",NA,"184865684","en",28,FALSE,"Cumbria England UK ","189851019","Life is to short. Live life 4 the moment be happy. Big supporter of these strong inspirational women Josie Gibson, BB17 Shelli Poole & KelseyBBCAN",TRUE,"Sun Sep 12 11:56:56 +0000 2010",71781,896,3963,FALSE,NA,"JAO73","London","en",0,1916,"JAO73","GB","United Kingdom","city","Carlisle, England",NA,NA,54.9023315,-2.9402835,NA,NA,NA,NA
"148497","Good Morning! Because your choice counts ! Take part to our survey to choose the perfect logo @OSS_Comms THANK YOU… https://t.co/IZT5qztw21",0,FALSE,TRUE,"806790058170662913",NA,"<a href=""http://twitter.com"" rel=""nofollow"">Twitter Web Client</a>",FALSE,"Thu Dec 08 09:18:33 +0000 2016",NA,NA,"en",21,FALSE,"Tunis, Tunisia","1267838773","Intergovernmental organization working on #Environment and Development in #Africa's #Sahel - #Sahara region.",TRUE,"Thu Mar 14 19:40:32 +0000 2013",1145,469,425,FALSE,"http://www.oss-online.org","OSS","Pacific Time (US & Canada)","en",-28800,444,"OSS_Comms","TN","Tunisia","country","Tunisia",NA,NA,33.8949285,9.5563535,NA,NA,"http://fb.me/8ngFMPo2j","https://t.co/IZT5qztw21"
"148499","@pretty_mind2 Good morning https://t.co/T6TKRHalzm",0,FALSE,FALSE,"806790061563867136","pretty_mind2","<a href=""http://twitter.com"" rel=""nofollow"">Twitter Web Client</a>",FALSE,"Thu Dec 08 09:18:34 +0000 2016",NA,"777686359","en",48,FALSE,"West Croydon","21021175","Huge TG fan. Admin of Fans of Thomas Gibson. Hotch fan-fic author I'm bisexual and In love with @samanthah444sh",TRUE,"Mon Feb 16 20:09:23 +0000 2009",215485,1172,84,FALSE,"https://www.fanfiction.net/u/2235948/MrsChipRockefeller","Baldy Stands By TG!!","Casablanca","en",0,418,"ScholaFromAbove","GB","United Kingdom","city","Croydon, London",NA,NA,51.358931,-0.092633,NA,NA,NA,NA
"148571","Bom Dia Good Morning @E_Swagg20 @KaraAiello @FieldMuseum @UCLAHealth @TheArkofLangley @Uma_Brasileira @UnJolieAnge @MarilynMosbyEsq @snolen",0,FALSE,FALSE,"806790669733797889","Idclair","<a href=""http://twitter.com"" rel=""nofollow"">Twitter Web Client</a>",FALSE,"Thu Dec 08 09:20:59 +0000 2016","806789487976030208","24162106","en",25,FALSE,NA,"24162106","Back To Methuselah: “You see things; and you say, ‘Why?’ But I dream things that never were; and I say, ‘Why not?’. George Bernard Shaw.",TRUE,"Fri Mar 13 12:21:03 +0000 2009",7910,99,2138,FALSE,NA,"Rone","Pacific Time (US & Canada)","en",-28800,317,"Idclair","US","United States","city","Los Angeles, CA",NA,NA,34.0207895,-118.4119065,NA,NA,NA,NA
"148573","@JackieVear good morning",0,FALSE,FALSE,"806790675404443649","JackieVear","<a href=""http://twitter.com"" rel=""nofollow"">Twitter Web Client</a>",FALSE,"Thu Dec 08 09:21:01 +0000 2016","806739290080231424","316528093","en",48,FALSE,"West Croydon","21021175","Huge TG fan. Admin of Fans of Thomas Gibson. Hotch fan-fic author I'm bisexual and In love with @samanthah444sh",TRUE,"Mon Feb 16 20:09:23 +0000 2009",215489,1172,84,FALSE,"https://www.fanfiction.net/u/2235948/MrsChipRockefeller","Baldy Stands By TG!!","Casablanca","en",0,418,"ScholaFromAbove","GB","United Kingdom","city","Croydon, London",NA,NA,51.358931,-0.092633,NA,NA,NA,NA
"148623","@bnbreilly Good morning https://t.co/1hDY756f9N",0,FALSE,FALSE,"806790794245869568","bnbreilly","<a href=""http://twitter.com"" rel=""nofollow"">Twitter Web Client</a>",FALSE,"Thu Dec 08 09:21:29 +0000 2016",NA,"409291656","en",48,FALSE,"West Croydon","21021175","Huge TG fan. Admin of Fans of Thomas Gibson. Hotch fan-fic author I'm bisexual and In love with @samanthah444sh",TRUE,"Mon Feb 16 20:09:23 +0000 2009",215490,1172,84,FALSE,"https://www.fanfiction.net/u/2235948/MrsChipRockefeller","Baldy Stands By TG!!","Casablanca","en",0,418,"ScholaFromAbove","GB","United Kingdom","city","Croydon, London",NA,NA,51.358931,-0.092633,NA,NA,NA,NA
"148651","Good morning <ed><U+00A0><U+00BD><ed><U+00B8><U+0089> <ed><U+00A0><U+00BD><ed><U+00B1><U+008D> Almost end of the week and almost Christmas <ed><U+00A0><U+00BC><ed><U+00BE><U+0084>
Lots of discounts at Polimax… https://t.co/2h6jt6o09g",0,FALSE,FALSE,"806790874424147968",NA,"<a href=""http://instagram.com"" rel=""nofollow"">Instagram</a>",FALSE,"Thu Dec 08 09:21:48 +0000 2016",NA,NA,"en",9,FALSE,"London, uk","132969249","Professional Window Tinting, Exhausts Alloy Wheels/Tyres, Lights, Car audio, Car wrapping and more.",TRUE,"Wed Apr 14 17:20:52 +0000 2010",275,68,11,FALSE,"http://www.polimax.co.uk","Polimax Motorsport","London","en",0,63,"Polimax","GB","United Kingdom","city","Poplar, London",NA,NA,51.5148305,-0.0350195,51.53199648,-0.05693411,"https://twitter.com/i/web/status/806500198931464192","https://t.co/2h6jt6o09g"
"148672","Good Morning Captain! @DaveWallsworth Welcome to U.K. Airspace! #avgeek https://t.co/VeCIdcgNFB",0,FALSE,FALSE,"806790911594098688",NA,"<a href=""http://twitter.com/download/iphone"" rel=""nofollow"">Twitter for iPhone</a>",FALSE,"Thu Dec 08 09:21:57 +0000 2016",NA,NA,"en",32,FALSE,"Chester or Toulouse usually","2526328425","International Purchasing Manager for Airbus, we buy important metal bits. Aviation #avgeek cars, trains, music, gym, football #MUFC nature, marine life, travel",TRUE,"Sat May 03 20:48:02 +0000 2014",10956,379,735,FALSE,NA,"Russ Hughes","London","en",0,354,"russhughes66","IE","Ireland","city","Fingal, Ireland",NA,NA,53.494598,-6.23572,NA,NA,NA,NA
"148679","Good morning #Argentina! Sun will rise in 30 minutes (local time 06:22) #Sunrise #Photo #Photography [08.12.2016]",0,FALSE,FALSE,"806790931781271556",NA,"<a href=""http://www.twitter.com/photoschedule"" rel=""nofollow"">Photo Schedule Tweeter</a>",FALSE,"Thu Dec 08 09:22:02 +0000 2016",NA,NA,"en",181,FALSE,"Finland","4567387397","We bring up sunrise and sunset around the world so you can get your camera ready or just enjoy the view. Fixed and Updated 03/2016 :). Developed by @TheOwlkeep",TRUE,"Tue Dec 22 11:53:15 +0000 2015",288542,142,0,FALSE,"http://www.owlkeep.com","PhotoSchedule","Midway Island","en",-39600,4,"PhotoSchedule","AR","Argentina","city","San Juan, Argentina",NA,NA,-31.5314145,-68.5328495,-31.53333,-68.51667,NA,NA
"148684","Good morning to all my fellow #ThomasGibson fans https://t.co/DL1keD1rKz",0,FALSE,FALSE,"806790941495336960",NA,"<a href=""http://twitter.com"" rel=""nofollow"">Twitter Web Client</a>",FALSE,"Thu Dec 08 09:22:04 +0000 2016",NA,NA,"en",48,FALSE,"West Croydon","21021175","Huge TG fan. Admin of Fans of Thomas Gibson. Hotch fan-fic author I'm bisexual and In love with @samanthah444sh",TRUE,"Mon Feb 16 20:09:23 +0000 2009",215491,1172,84,FALSE,"https://www.fanfiction.net/u/2235948/MrsChipRockefeller","Baldy Stands By TG!!","Casablanca","en",0,418,"ScholaFromAbove","GB","United Kingdom","city","Croydon, London",NA,NA,51.358931,-0.092633,NA,NA,NA,NA
"148731","Good morning @ReedyfordGP back in the reception waiting to help anyone with online questions here 9-12 and 2-5 toda… https://t.co/w9TqAov1Ul",0,FALSE,TRUE,"806791053646839808",NA,"<a href=""http://twitter.com/download/android"" rel=""nofollow"">Twitter for Android</a>",FALSE,"Thu Dec 08 09:22:31 +0000 2016",NA,NA,"en",9,FALSE,"England, United Kingdom","142667448","theSWITCH are FREE drop-in centres based in the Lancashire area. We try to provide a totally free digital upskilling service thanks to our volunteers.",TRUE,"Tue May 11 12:48:04 +0000 2010",664,150,119,FALSE,"http://www.SwitchCentres.org.uk","SWITCH Centres","London","en",0,228,"switchcentres","GB","United Kingdom","city","Nelson, England",NA,NA,53.8375875,-2.205252,NA,NA,"http://fb.me/14fG8tMqh","https://t.co/w9TqAov1Ul"
"148745","@IUredhead Good morning https://t.co/fO4WTieoF0",0,FALSE,FALSE,"806791096214749184","IUredhead","<a href=""http://twitter.com"" rel=""nofollow"">Twitter Web Client</a>",FALSE,"Thu Dec 08 09:22:41 +0000 2016",NA,"35820339","en",48,FALSE,"West Croydon","21021175","Huge TG fan. Admin of Fans of Thomas Gibson. Hotch fan-fic author I'm bisexual and In love with @samanthah444sh",TRUE,"Mon Feb 16 20:09:23 +0000 2009",215492,1172,84,FALSE,"https://www.fanfiction.net/u/2235948/MrsChipRockefeller","Baldy Stands By TG!!","Casablanca","en",0,418,"ScholaFromAbove","GB","United Kingdom","city","Croydon, London",NA,NA,51.358931,-0.092633,NA,NA,NA,NA
"148839","@kasprowskiego wowww <ed><U+00A0><U+00BD><ed><U+00B1><U+008D><ed><U+00A0><U+00BC><ed><U+00BF><U+00BC><ed><U+00A0><U+00BD><ed><U+00B1><U+008D><ed><U+00A0><U+00BC><ed><U+00BF><U+00BC><ed><U+00A0><U+00BD><ed><U+00B1><U+008D><ed><U+00A0><U+00BC><ed><U+00BF><U+00BC><ed><U+00A0><U+00BD><ed><U+00B1><U+008D><ed><U+00A0><U+00BC><ed><U+00BF><U+00BC><ed><U+00A0><U+00BD><ed><U+00B1><U+008D><ed><U+00A0><U+00BC><ed><U+00BF><U+00BC> thank you good morning <ed><U+00A0><U+00BD><ed><U+00B8><U+0083><ed><U+00A0><U+00BD><ed><U+00B8><U+0089><ed><U+00A0><U+00BC><ed><U+00BC><U+00BA><ed><U+00A0><U+00BC><ed><U+00BD><U+0080><ed><U+00A0><U+00BC><ed><U+00BC><U+00BA><ed><U+00A0><U+00BC><ed><U+00BC><U+00BB><U+2600><U+FE0F><U+2615><U+FE0F>",0,FALSE,FALSE,"806791309348343808","kasprowskiego","<a href=""http://twitter.com/download/iphone"" rel=""nofollow"">Twitter for iPhone</a>",FALSE,"Thu Dec 08 09:23:32 +0000 2016","806735153636614144","51430616","en",31,FALSE," MODENA EMILIA ROMAGNA italy","394611555","AMO la FERRARI il mio motto è crederci sempre arrendersi maiiiiiiiiiiiiii yesssssss<U+2764>",TRUE,"Thu Oct 20 10:46:38 +0000 2011",34536,765,17632,FALSE,NA,"Monica Vecchi","Rome","it",3600,545,"monica_vecchi","IT","Italia","city","Modena, Emilia Romagna",NA,NA,44.6447485,10.8969155,NA,NA,NA,NA
"148840","@tonyimberi Good morning Tony <U+2615><U+FE0F>",0,FALSE,FALSE,"806791309864226817","tonyimberi","<a href=""http://twitter.com"" rel=""nofollow"">Twitter Web Client</a>",FALSE,"Thu Dec 08 09:23:32 +0000 2016","806790777686720512","439162488","en",10,FALSE,"Palm Coast, Florida","32144913","A die hard 88 Jr.Nation fan forever and love motorcycles as well. #nfb",TRUE,"Thu Apr 16 20:42:51 +0000 2009",10434,583,26068,FALSE,NA,"Gerene Romanski","Pacific Time (US & Canada)","en",-28800,551,"gerene1","US","United States","city","Winter Springs, FL",NA,NA,28.694736,-81.267838,NA,NA,NA,NA
"148855","@monicanevett Good Morning Monica have a Good one, been at Lakeside all day last meet of year.",0,FALSE,FALSE,"806791359755497472","monicanevett","<a href=""http://twitter.com/download/android"" rel=""nofollow"">Twitter for Android</a>",FALSE,"Thu Dec 08 09:23:44 +0000 2016",NA,"2366521778","en",1,FALSE,"Deception Bay, Brisbane","773416504033435648","Love people and motor sport",TRUE,"Wed Sep 07 07:03:58 +0000 2016",785,105,1414,FALSE,NA,"Brian Cardigans",NA,"en",NA,104,"CardigansBrian","AU","Australia","neighborhood","Deception Bay, Brisbane",NA,NA,-27.181977,153.013158,NA,NA,NA,NA
"148897","Good morning #Santarem! Sun will rise in 30 minutes (local time 06:24) #Sunrise #Photo #Photography [08.12.2016]",0,FALSE,FALSE,"806791435408154624",NA,"<a href=""http://www.twitter.com/photoschedule"" rel=""nofollow"">Photo Schedule Tweeter</a>",FALSE,"Thu Dec 08 09:24:02 +0000 2016",NA,NA,"en",181,FALSE,"Finland","4567387397","We bring up sunrise and sunset around the world so you can get your camera ready or just enjoy the view. Fixed and Updated 03/2016 :). Developed by @TheOwlkeep",TRUE,"Tue Dec 22 11:53:15 +0000 2015",288543,142,0,FALSE,"http://www.owlkeep.com","PhotoSchedule","Midway Island","en",-39600,4,"PhotoSchedule","BR","Brazil","city","Santarém, Brasil",NA,NA,-2.669053,-55.1948825,-2.43333,-54.86667,NA,NA
"148953","@BhoyDel good morning Del <ed><U+00A0><U+00BD><ed><U+00B8><U+008A><ed><U+00A0><U+00BD><ed><U+00B1><U+008D><U+2618><U+FE0F>",0,FALSE,FALSE,"806791551221317633","BhoyDel","<a href=""http://twitter.com/download/iphone"" rel=""nofollow"">Twitter for iPhone</a>",FALSE,"Thu Dec 08 09:24:29 +0000 2016","806791210991951872","377257078","en",45,FALSE,"kirkcaldy<U+E110>","200254524","Tell bad jokes so if you don't like silly don't follow.hate Tories.Season ticket holder Celtic Park 407. northern soul. RFC best left dead HH",TRUE,"Fri Oct 08 20:53:37 +0000 2010",61856,13319,142,FALSE,NA,"<U+E110>John Connell<U+E110>","Casablanca","en-gb",0,12708,"celticjohn67","GB","United Kingdom","city","Edinburgh, Scotland",NA,NA,55.9431955,-3.2030085,NA,NA,NA,NA
"149023","Good morning #Argentina! Sun will rise in 30 minutes (local time 06:25) #Sunrise #Photo #Photography [08.12.2016]",0,FALSE,FALSE,"806791688576303105",NA,"<a href=""http://www.twitter.com/photoschedule"" rel=""nofollow"">Photo Schedule Tweeter</a>",FALSE,"Thu Dec 08 09:25:02 +0000 2016",NA,NA,"en",181,FALSE,"Finland","4567387397","We bring up sunrise and sunset around the world so you can get your camera ready or just enjoy the view. Fixed and Updated 03/2016 :). Developed by @TheOwlkeep",TRUE,"Tue Dec 22 11:53:15 +0000 2015",288544,142,0,FALSE,"http://www.owlkeep.com","PhotoSchedule","Midway Island","en",-39600,4,"PhotoSchedule","AR","Argentina","city","Dr. Manuel Belgrano, Argentina",NA,NA,-24.207438,-65.3161055,-24.18333,-65.3,NA,NA
"149027","Good morning #Santiago! Sun will rise in 30 minutes (local time 06:25) #Sunrise #Photo #Photography [08.12.2016]",0,FALSE,FALSE,"806791697845796864",NA,"<a href=""http://www.twitter.com/photoschedule"" rel=""nofollow"">Photo Schedule Tweeter</a>",FALSE,"Thu Dec 08 09:25:04 +0000 2016",NA,NA,"en",181,FALSE,"Finland","4567387397","We bring up sunrise and sunset around the world so you can get your camera ready or just enjoy the view. Fixed and Updated 03/2016 :). Developed by @TheOwlkeep",TRUE,"Tue Dec 22 11:53:15 +0000 2015",288545,142,0,FALSE,"http://www.owlkeep.com","PhotoSchedule","Midway Island","en",-39600,4,"PhotoSchedule","CL","Chile","city","Santiago, Chile",NA,NA,-33.4521615,-70.6596155,-33.45,-70.66667,NA,NA
"149043","Good Morning World <ed><U+00A0><U+00BC><ed><U+00BC><U+008D> bit of #Christmasshopping today in #colchester ! Seeing my pals in @BaccusStore for some new fashion! #model #realitytv",0,FALSE,FALSE,"806791722223083521",NA,"<a href=""http://twitter.com/download/iphone"" rel=""nofollow"">Twitter for iPhone</a>",FALSE,"Thu Dec 08 09:25:10 +0000 2016",NA,NA,"en",36,FALSE,"Colchester, England","702555860267081728","Public Figure | UK Model | Reality TV | Tattoos Addict | Fashion Obsession | Bookings & PA Contact: leeleemodelessex@gmail.com",TRUE,"Wed Feb 24 18:09:04 +0000 2016",1259,699,378,FALSE,"http://Instagram.com/leelee_stratford","L E E - L E E <ed><U+00A0><U+00BD><ed><U+00B9><U+008C><ed><U+00A0><U+00BC><ed><U+00BF><U+00BC>",NA,"en-GB",NA,494,"Lee__Stratford","GB","United Kingdom","city","Colchester, England",NA,NA,51.8887015,0.898891,NA,NA,NA,NA
"149069","Good morning White Watch pleased to see you back on duty https://t.co/Yc2zGuJiTA",0,FALSE,FALSE,"806791785468940288",NA,"<a href=""http://twitter.com/download/iphone"" rel=""nofollow"">Twitter for iPhone</a>",FALSE,"Thu Dec 08 09:25:25 +0000 2016",NA,NA,"en",6,FALSE,"West Midlands","174292069","West Midlands Fire Service.         Support Officer and WMFS Volunteer Photographer",TRUE,"Tue Aug 03 15:43:11 +0000 2010",522,312,276,FALSE,NA,"John McNaughton","London","en",0,217,"johnmcnaughton4","GB","United Kingdom","city","Birmingham, England",NA,NA,52.4939665,-1.8906405,NA,NA,"https://www.instagram.com/p/BNuAAGfgHsd/","https://t.co/Yc2zGuJiTA"
"149080","Good morning, Santiago! :) #Sunrise 06:25, noon 13:34, sunset 20:44 CLST (UTC-3), December 8. Day length: 14h 18m.",0,FALSE,FALSE,"806791806406905856",NA,"<a href=""http://enotty.dk/"" rel=""nofollow"">cipni</a>",FALSE,"Thu Dec 08 09:25:30 +0000 2016",NA,NA,"en",183,FALSE,"World","215292728","Omnem hominem præcessit sol tempore, ergo sol præcessit omnem hominem tempore | NXT tip jar: NXT-TFTF-UQBX-5FPV-CRF2M",TRUE,"Sat Nov 13 14:46:18 +0000 2010",207827,859,2,FALSE,"https://twitter.com/soltempore","Sol Tempore","UTC","en",0,4,"soltempore","CL","Chile","city","Las Condes, Chile",NA,NA,-33.4254005,-70.5189175,-33.4254,-70.5665,NA,NA
